{
    "DATABRICKS_URL": {
        "SecretName": "mmaweb-databricks-url",
        "VaultInstanceAcronym": "EDPAML"
    },
    "DATABRICKS_ACCOUNT_KEY": {
        "SecretName" : "mmaweb-databricks-account-key",
        "VaultInstanceAcronym": "EDPAML"
    },
    "APPLICATION_CLIENT_ID": {
        "SecretName" : "mmaweb-application-client-id",
        "VaultInstanceAcronym": "EDPAML"
    },
    "APPLICATION_CLIENT_SECRET": {
        "SecretName" : "mmaweb-application-client-secret",
        "VaultInstanceAcronym": "EDPAML"
    },
    "BLOB_ACCOUNT": {
        "SecretName": "mmaweb-blob-storage-account",
        "VaultInstanceAcronym": "EDPAML"
    },
    "BLOB_CLIENT_SHARED_KEY": {
        "SecretName": "mmaweb-blob-client-shared-access-key",
        "VaultInstanceAcronym": "EDPAML"
    },
    "BLOB_CONTAINER_NAME": {
        "SecretName": "mmaweb-blob-container",
        "VaultInstanceAcronym": "EDPAML"
    },
    "INSIGHTS_APP_ID": {
        "SecretName": "mmaweb-ai-appid",
        "VaultInstanceAcronym": "EDPAML"
    },
    "INSIGHT_API_KEY": {
        "SecretName": "mmaweb-ai-apikey",
        "VaultInstanceAcronym": "EDPAML"
    },
    "COSMOS_DB_ENDPOINT": {
        "SecretName": "mmaweb-cosmos-db-endpoint",
        "VaultInstanceAcronym": "EDPAML"
    },
    "COSMOS_DB_KEY": {
        "SecretName": "mmaweb-cosmos-db-key",
        "VaultInstanceAcronym": "EDPAML"
    },
    "COSMOS_DB_DATABASE_ID": {
        "SecretName": "mmaweb-cosmos-db-database-id",
        "VaultInstanceAcronym": "EDPAML"
    },
    "COSMOS_DB_ALERT_USERS": {
        "SecretName": "mmaweb-cosmos-db-alert-users",
        "VaultInstanceAcronym": "EDPAML"
    },
    "COSMOS_DB_ALERT_DATA": {
        "SecretName": "mmaweb-cosmos-db-alert-data",
        "VaultInstanceAcronym": "EDPAML"
    },
    "COSMOS_DB_AUDIT": {
        "SecretName": "mmaweb-cosmos-db-audit",
        "VaultInstanceAcronym": "EDPAML"
    },
    "BLT_INSIGHT_APP_ID": {
        "SecretName": "mmaweb-blt-insight-app-id",
        "VaultInstanceAcronym": "EDPAML"
    },
    "BLT_INSIGHT_API_KEY": {
        "SecretName": "mmaweb-blt-insight-api-key",
        "VaultInstanceAcronym": "EDPAML"
    },
    "TELEMATICS_INGESTION_COSMOSDB_DATABASE_ID": {
        "SecretName": "mmaweb-tel-ingestion-cosmos-db-id",
        "VaultInstanceAcronym": "EDPAML"
    },
    "TELEMATICS_INGESTION_COSMOSDB_ENDPOINT": {
        "SecretName": "mmaweb-tel-ingestion-cosmos-db-endpoint",
        "VaultInstanceAcronym": "EDPAML"
    },
    "TELEMATICS_INGESTION_COSMOSDB_KEY": {
        "SecretName": "mmaweb-tel-ingestion-cosmos-db-key",
        "VaultInstanceAcronym": "EDPAML"
    },
     "SPLUNK_USER": {
        "SecretName": "mmaweb-splunk-user",
        "VaultInstanceAcronym": "EDPAML"
    },
    "SPLUNK_PASSWORD": {
        "SecretName": "mmaweb-splunk-password",
        "VaultInstanceAcronym": "EDPAML"
    },
    "SPLUNK_HOST": {
        "SecretName": "mmaweb-splunk-host",
        "VaultInstanceAcronym": "EDPAML"
    },
    "PROXY_URL": {
        "SecretName": "mmaweb-proxy-url",
        "VaultInstanceAcronym": "EDPAML"
    }
}